lat,lng,class,lswi,ci,evi,mndwi,ndbi,ndwi,savi,ndvi,ndpi,wetness,wwi
593371.4487,2743337.075,built-up,-0.04369214,0.93088293,-0.16724755,-0.072271995,0.04369214,-0.04369214,0.053692088,0.03579559,-0.036503315,-0.013243505,0.05902849
594521.5191,2742327.36,built-up,-0.027685393,0.91263753,-0.24861878,-0.07241347,0.027685393,-0.027685393,0.06851301,0.045676447,-0.035031226,-0.004967345,0.06744613
595513.1477,2743586.545,built-up,0.07081928,0.6675806,-1.6372262,-0.11348833,-0.07081928,0.07081928,0.29900688,0.19934234,-0.031024268,0.17347826,0.2869666
596216.6624,2745156.891,built-up,0.10919256,1.1216027,0.15294985,0.20690525,-0.10919256,0.10919256,-0.08597203,-0.05731641,-0.029191162,0.14133838,-0.06556686
593716.4419,2745139.678,built-up,-0.11950346,0.6364593,-0.8457622,-0.3084308,0.11950346,-0.11950346,0.33321905,0.22215079,-0.0780408,-0.06364114,0.24478965
594427.5743,2745614.164,built-up,0.003157266,0.80410004,-0.65388983,-0.09638667,-0.003157266,0.003157266,0.16287513,0.108585976,-0.03391531,0.061825406,0.15821208
597165.7041,2742267.438,built-up,0.15194397,0.5530987,-4.04852,-0.12039634,-0.15194397,0.15194397,0.4316137,0.28774816,-0.029096162,0.26523158,0.38562793
597005.2003,2744771.048,built-up,-0.03500931,0.8475492,-1.2996842,-0.12848209,0.03500931,-0.03500931,0.12377013,0.08251514,-0.013196009,-0.000655687,0.12782641
596658.4299,2743281.426,built-up,0.05371517,0.6552813,-1.3687803,-0.13698503,-0.05371517,0.05371517,0.31237382,0.20825383,-0.042064518,0.17134868,0.3083337
595525.0596,2741864.629,built-up,-0.022490183,0.8017367,-0.88443995,-0.13011837,0.022490183,-0.022490183,0.16505642,0.11004009,-0.026780458,0.01658279,0.14670116
594541.3305,2739431.421,built-up,-0.009650422,0.8089115,-0.95282257,-0.11610819,0.009650422,-0.009650422,0.15845236,0.10563727,-0.024142312,0.043236174,0.15934436
593733.9824,2742556.809,built-up,-0.009857137,0.8601877,-0.50025105,-0.08263116,0.009857137,-0.009857137,0.11273782,0.07516032,-0.028351659,0.0347613,0.117392465
592736.3381,2742158.712,built-up,-0.033496942,0.8782074,-0.38755953,-0.09397502,0.033496942,-0.033496942,0.09726538,0.06484512,-0.030149283,0.005824895,0.099799916
592515.6951,2743096.497,built-up,-0.023212783,0.8550026,-0.5032875,-0.095443904,0.023212783,-0.023212783,0.117245704,0.07816561,-0.027210226,0.003152667,0.09859657
592746.8464,2740593.344,built-up,-0.073403455,0.80726504,-1.1149156,-0.188998,0.073403455,-0.073403455,0.1599632,0.10664453,-0.028656865,0.001664975,0.19066298
593601.6931,2740990.468,built-up,0.057422668,0.7273766,-0.90419483,-0.085722804,-0.057422668,0.057422668,0.2367321,0.15782513,-0.04157116,0.15314044,0.23886324
594177.6098,2740368.204,built-up,-0.017300438,0.8747794,-0.40100604,-0.077078454,0.017300438,-0.017300438,0.10018592,0.06679219,-0.027523823,0.007916037,0.084994495
594887.3681,2741077.51,built-up,-0.019246861,0.9450133,-0.15079819,-0.04919602,0.019246861,-0.019246861,0.042404894,0.028270617,-0.035393503,0.016870722,0.06606674
594511.338,2743814.467,built-up,-0.048624467,0.9240173,-0.2231058,-0.08905923,0.048624467,-0.048624467,0.05923609,0.03949169,-0.033612616,-0.018641565,0.070417665
594358.2838,2745300.599,built-up,-0.04581453,0.90414995,-0.29585147,-0.09862683,0.04581453,-0.04581453,0.075504415,0.050337456,-0.03509696,-0.022805564,0.075821266
597301.4338,2743285.943,built-up,-0.024423016,0.8276756,-0.83477235,-0.11877428,0.024423016,-0.024423016,0.14142601,0.09428609,-0.021985918,0.01651225,0.13528652
605052.9455,2729253.385,built-up,0.009635367,0.70598805,-1.6680822,-0.15052018,-0.009635367,0.009635367,0.2585061,0.17234117,-0.022033555,0.08406362,0.23458378
604192.3717,2729559.995,built-up,0.019432101,0.6952346,-2.3416212,-0.14452747,-0.019432101,0.019432101,0.2696607,0.17977773,-0.009617832,0.11325876,0.25778624
605259.9316,2720801.441,built-up,-0.045278136,0.85645324,-0.544281,-0.12144344,0.045278136,-0.045278136,0.115982026,0.07732312,-0.027603092,-0.013080363,0.10836308
607989.6141,2719491.68,built-up,-0.042071443,0.835451,-2.1214895,-0.15096861,0.042071443,-0.042071443,0.13447276,0.08965043,-0.015396534,0.001383017,0.15235162
569050.367,2691538.977,built-up,0.025165455,0.7152307,-1.4476136,-0.12929484,-0.025165455,0.025165455,0.24903004,0.16602388,-0.02521988,0.11040311,0.23969796
571279.9845,2690219.597,built-up,-0.052376837,0.7703758,-4.701225,-0.19194925,0.052376837,-0.052376837,0.19455148,0.12970367,-0.008599567,0.017295131,0.20924439
571475.6837,2694055.483,built-up,-0.03568425,0.8494061,-1.0227914,-0.1258653,0.03568425,-0.03568425,0.12213963,0.08142825,-0.016555643,-0.003682708,0.122182585
570981.3161,2692565.983,built-up,-0.049020763,0.86586875,-1.030699,-0.13915527,0.049020763,-0.049020763,0.10782774,0.07188675,-0.021035286,-0.014159004,0.12499626
570199.6147,2691153.336,built-up,-0.045779686,0.7244235,-6.107595,-0.21780175,0.045779686,-0.045779686,0.23970689,0.1598079,-0.01675309,0.049881946,0.2676837
569630.9689,2690133.102,built-up,0.039926246,0.61531645,-5.430304,-0.19277532,-0.039926246,0.039926246,0.3572137,0.23814751,-0.01916283,0.1820087,0.37478402
570538.1793,2695146.444,built-up,-0.021132158,0.74787474,-6.642436,-0.17604035,0.021132158,-0.021132158,0.21636553,0.14424677,-0.009099181,0.060833793,0.23687415
571846.5162,2691631.206,built-up,-0.021866158,0.7865945,-2.0894644,-0.14319779,0.021866158,-0.021866158,0.17916851,0.119448185,-0.008657597,0.027962305,0.1711601
569980.2184,2692013.138,built-up,-0.009049614,0.6774216,-4.0225096,-0.19979903,0.009049614,-0.009049614,0.28845298,0.19230606,-0.0165689,0.07761823,0.27741724
571049.0727,2693348.956,built-up,0.011205269,0.72761935,-1.3316505,-0.13992037,-0.011205269,0.011205269,0.2364882,0.15766242,-0.030125828,0.095839135,0.2357595
598824.7612,2709874.674,built-up,-0.10398204,0.80383754,0.7621951,-0.26014096,0.10398204,-0.10398204,0.16311797,0.1087473,0.023175566,-0.006322686,0.25381824
599398.8101,2709722.198,built-up,-0.07939347,0.8596165,-0.75918144,-0.16593172,0.07939347,-0.07939347,0.11323325,0.07549055,-0.025515212,-0.054657243,0.111274466
599686.3968,2709567.702,built-up,-0.050048277,0.86252755,-0.5747167,-0.1288439,0.050048277,-0.050048277,0.11071193,0.07380963,-0.02850528,-0.026389576,0.102454334
600263.2712,2709023.928,built-up,-0.060519166,0.7971084,-1.2554672,-0.17882906,0.060519166,-0.060519166,0.16934456,0.1128989,-0.023928216,-0.005312987,0.17351606
600339.379,2708398.309,built-up,-0.065192126,0.70264316,-4.4980655,-0.24428755,0.065192126,-0.065192126,0.2619609,0.17464425,-0.018046174,0.050220132,0.29450768
596083.0577,2743825.32,built-up,-0.031027291,0.86877745,-0.426456,-0.09827339,0.031027291,-0.031027291,0.10532504,0.070218384,-0.03176102,0.013821951,0.11209534
592793.5821,2744272.444,built-up,0.042360637,0.6735736,-1.6302289,-0.13646209,-0.042360637,0.042360637,0.2925649,0.19504751,-0.028432168,0.13249329,0.26895538
596093.9528,2742259.939,built-up,0.05006479,0.68012863,-1.2114089,-0.120882176,-0.05006479,0.05006479,0.28557122,0.19038504,-0.037927188,0.1156911,0.23657328
606122.8517,2720260.075,built-up,0.008604974,0.70775795,-4.9619446,-0.16146946,-0.008604974,0.008604974,0.25668383,0.17112616,-0.006679486,0.07915577,0.24062523
603116.5432,2720315.781,built-up,0.01970393,0.62248033,-4.955318,-0.20371068,-0.01970393,0.01970393,0.34901372,0.2326806,-0.016058244,0.13272597,0.33643663
605693.0396,2729727.886,built-up,-0.040706698,0.81773686,-0.9164859,-0.13703156,0.040706698,-0.040706698,0.15040047,0.10026927,-0.01815304,0.006933422,0.14396499
603484.2013,2728615.419,built-up,0.10456408,0.5744362,-1.6063348,-0.12973113,-0.10456408,0.10456408,0.40543434,0.270296,-0.04343834,0.25247502,0.38220614
621988.9784,2714675.7,vegetation,0.15377173,0.44545907,-5.815635,-0.20455009,-0.15377173,0.15377173,0.57545286,0.38364348,-0.036931816,0.32270655,0.5272566
621832.8101,2716161.595,vegetation,0.12759978,0.51299435,-5.4097757,-0.16732688,-0.12759978,0.12759978,0.4828124,0.321882,-0.019427221,0.25584307,0.42316994
622037.3129,2717337.535,vegetation,0.19407107,0.52143407,-1.771202,-0.07847727,-0.19407107,0.19407107,0.4718119,0.31454924,-0.052444894,0.32286194,0.40133923
622375.3134,2719610.533,vegetation,0.12638883,0.49878803,-3.6479466,-0.18016495,-0.12638883,0.12638883,0.501606,0.3344115,-0.03526433,0.29649514,0.47666007
622511.5775,2720394.503,vegetation,0.16543366,0.44695,-7.3655396,-0.18313938,-0.16543366,0.16543366,0.57331467,0.38221776,-0.02130206,0.3395149,0.5226543
621416.9102,2722811.516,vegetation,0.16775939,0.48515686,-2.8120208,-0.14461227,-0.16775939,0.16775939,0.5199764,0.3466591,-0.044747937,0.3142409,0.4588532
621100.7089,2726252.967,vegetation,0.17611445,0.53977084,-1.5068233,-0.07765998,-0.17611445,0.17611445,0.44832978,0.29889458,-0.05323194,0.2926214,0.3702814
619960.8388,2725695.145,vegetation,0.18440233,0.5175385,-1.8952076,-0.092040256,-0.18440233,0.18440233,0.47687355,0.31792375,-0.049546674,0.31618914,0.40822938
616144.3742,2728637.244,vegetation,0.102436416,0.6647562,-0.7767624,-0.057873145,-0.102436416,0.102436416,0.30205688,0.20137714,-0.054711245,0.21013343,0.26800656
616926.5267,2729191.743,vegetation,0.22572227,0.42761558,-4.469035,-0.13262078,-0.22572227,0.22572227,0.6013932,0.40093738,-0.034302715,0.38974598,0.52236676
618655.0786,2727797.419,vegetation,0.007238355,0.64761585,-1.5287559,-0.1930004,-0.007238355,0.007238355,0.32080457,0.2138752,-0.044121213,0.13436271,0.32736313
618665.7714,2726545.079,vegetation,0.12314249,0.4829748,-4.455755,-0.1997769,-0.12314249,0.12314249,0.5229493,0.3486406,-0.034917142,0.29124063,0.49101752
618641.7061,2729362.846,vegetation,0.14572865,0.5546621,-1.5540502,-0.10157797,-0.14572865,0.14572865,0.42966852,0.28645316,-0.05035515,0.2747981,0.37637606
621225.3471,2728367.551,vegetation,0.18667534,0.44359934,-3.8480742,-0.16538799,-0.18667534,0.18667534,0.5781261,0.38542596,-0.044362176,0.3454167,0.5108047
620354.1393,2729847.25,vegetation,0.15740244,0.4694621,-3.5764043,-0.17195414,-0.15740244,0.15740244,0.5415512,0.36104223,-0.04100284,0.31802505,0.4899792
620439.913,2728204.164,vegetation,0.117090434,0.5391868,-2.7340267,-0.16560751,-0.117090434,0.117090434,0.44907042,0.29938745,-0.04643079,0.2765397,0.44214725
617576.8461,2728414.466,vegetation,0.21664199,0.4398752,-4.3362317,-0.13297464,-0.21664199,0.21664199,0.5835013,0.38900927,-0.034836818,0.37802047,0.5109951
615507.1659,2727849.168,vegetation,0.08310073,0.64146847,-1.083215,-0.104335,-0.08310073,0.08310073,0.32762277,0.21842119,-0.04867506,0.20731442,0.3116494
615741.3001,2725502.833,vegetation,0.15568136,0.5422596,-1.7955835,-0.101459466,-0.15568136,0.15568136,0.44518667,0.2967986,-0.04497882,0.28984055,0.3913
621529.4114,2718115.871,vegetation,0.21347098,0.46984562,-2.6604462,-0.097722515,-0.21347098,0.21347098,0.54101807,0.3606871,-0.038687713,0.3654675,0.46319002
621545.7712,2716237.37,vegetation,0.13505425,0.6237875,-0.9255398,-0.053508658,-0.13505425,0.13505425,0.34752226,0.23168822,-0.05731328,0.24490035,0.29840901
622012.2058,2712014.5,vegetation,0.20857015,0.4255306,-4.664389,-0.16105321,-0.20857015,0.20857015,0.60446644,0.40298638,-0.042149432,0.36992455,0.5309778
621747.5534,2709507.353,vegetation,0.062138144,0.5416291,-3.6872976,-0.21626016,-0.062138144,0.062138144,0.44598338,0.29732895,-0.03321338,0.22384635,0.4401065
621556.4524,2706766.035,vegetation,0.1675376,0.51622945,-1.7900345,-0.11131331,-0.1675376,0.1675376,0.47858006,0.31906155,-0.054899685,0.3018849,0.4131982
617977.8886,2706344.083,vegetation,0.12356432,0.4767758,-11.47832,-0.20765,-0.12356432,0.12356432,0.53144145,0.35430172,-0.01743152,0.29003984,0.49768984
617993.034,2704543.892,vegetation,0.084350325,0.5813472,-1.5279372,-0.14748384,-0.084350325,0.084350325,0.39710614,0.26474437,-0.047373712,0.21337484,0.36085868
617583.4699,2702113.948,vegetation,0.17016834,0.49799693,-2.3862612,-0.12730852,-0.17016834,0.17016834,0.5026621,0.3351162,-0.045949366,0.30820906,0.43551758
616240.0549,2699911.098,vegetation,0.21275696,0.46100727,-2.6880262,-0.113557495,-0.21275696,0.21275696,0.5533647,0.3689186,-0.048120786,0.3459769,0.4595344
614186.3691,2696841.618,vegetation,0.18329532,0.53400785,-1.6126611,-0.07162895,-0.18329532,0.18329532,0.4556495,0.30377427,-0.046972994,0.30994582,0.38157478
612838.7527,2695030.484,vegetation,0.20099038,0.46225977,-3.5835845,-0.124740005,-0.20099038,0.20099038,0.55160654,0.36774606,-0.033099424,0.3541967,0.4789367
614421.7781,2694338.801,vegetation,0.21073656,0.40321833,-6.551023,-0.1746545,-0.21073656,0.21073656,0.63792926,0.42529494,-0.029912958,0.39014283,0.56479734
613143.1294,2692841.302,vegetation,0.177335,0.48621395,-2.433371,-0.12257845,-0.177335,0.177335,0.5185396,0.34570128,-0.040866874,0.33682126,0.45939973
612569.4761,2692836.71,vegetation,0.2090535,0.4369701,-4.598201,-0.14009923,-0.2090535,0.2090535,0.5877134,0.3918174,-0.029812606,0.3806391,0.5207383
611926.6023,2692518.504,vegetation,0.1724138,0.51117134,-2.1864352,-0.10879696,-0.1724138,0.1724138,0.48520324,0.32347667,-0.041756883,0.3191921,0.42798907
611573.0158,2691889.528,vegetation,0.16871637,0.46399212,-3.693465,-0.15674634,-0.16871637,0.16871637,0.549179,0.36612758,-0.032103617,0.33400595,0.4907523
609702.4383,2692657.566,vegetation,0.1822261,0.4596265,-3.0488174,-0.15011728,-0.1822261,0.1822261,0.55530757,0.37021354,-0.045713928,0.33309454,0.48321182
609765.6123,2693753.856,vegetation,0.16183828,0.47192737,-3.7966785,-0.16588445,-0.16183828,0.16183828,0.53813183,0.3587627,-0.03831322,0.3174722,0.48335662
608758.1692,2694215.672,vegetation,0.06838146,0.5639654,-1.9656664,-0.18288063,-0.06838146,0.06838146,0.4181905,0.2788007,-0.04449298,0.21702494,0.39990556
608481.6147,2692882.932,vegetation,0.12480728,0.46929052,-4.3710356,-0.20481075,-0.12480728,0.12480728,0.54178977,0.3612012,-0.03359332,0.28823677,0.49304754
608488.2387,2692022.003,vegetation,0.23181736,0.4080372,-5.7748823,-0.14528067,-0.23181736,0.23181736,0.6306124,0.42041704,-0.029745476,0.4057899,0.5510706
609212.0046,2691166.608,vegetation,0.17117395,0.45905527,-3.5796494,-0.16564484,-0.17117395,0.17117395,0.5561124,0.37074998,-0.041988537,0.33694455,0.5025894
611015.3362,2689850.069,vegetation,0.21424106,0.42218453,-6.176661,-0.14884922,-0.21424106,0.21424106,0.6094179,0.40628728,-0.023264425,0.38417676,0.533026
612298.8512,2690799.483,vegetation,0.16369963,0.48174676,-2.8135145,-0.14483522,-0.16369963,0.16369963,0.5246252,0.34975833,-0.038784783,0.32446122,0.46929646
614441.4745,2691912.512,vegetation,0.17644368,0.6276244,-0.79935735,-0.000208319,-0.17644368,0.17644368,0.34316683,0.22878471,-0.061040826,0.2618668,0.26207513
616083.1143,2692865.203,vegetation,0.21615489,0.42419153,-4.446739,-0.14715812,-0.21615489,0.21615489,0.606445,0.4043055,-0.036875,0.3804945,0.5276526
618381.6932,2692414.676,vegetation,0.17780438,0.4507275,-3.7860208,-0.1617235,-0.17780438,0.17780438,0.56791556,0.37861866,-0.036870558,0.34676763,0.50849116
619877.6209,2693601.425,vegetation,0.25332093,0.3984116,-6.2242846,-0.13281547,-0.25332093,0.25332093,0.6452779,0.43019408,-0.030015798,0.41544682,0.5482623
619647.219,2695399.771,vegetation,0.17115413,0.44718528,-5.181109,-0.18356107,-0.17115413,0.17115413,0.57297724,0.38199306,-0.037898734,0.33134797,0.514909
622584.0001,2695738.128,vegetation,0.22339392,0.41023025,-7.0537167,-0.15348549,-0.22339392,0.22339392,0.6272996,0.41820815,-0.024636392,0.40013498,0.55362046
622065.8514,2697612.227,vegetation,0.119366154,0.4532374,-22.577864,-0.23334394,-0.119366154,0.119366154,0.5643452,0.37623763,-0.015073615,0.30873197,0.54207593
622616.0045,2692059.488,vegetation,0.08299815,0.50122726,-4.7613764,-0.224854,-0.08299815,0.08299815,0.49835432,0.33224335,-0.030218014,0.25248766,0.47734168
620898.9294,2691575.018,vegetation,0.18458773,0.55963904,-1.260153,-0.047958035,-0.18458773,0.18458773,0.42351085,0.28234798,-0.054570258,0.30801007,0.35596812
619764.1165,2690078.136,vegetation,0.22533795,0.36959627,-10.079526,-0.20589423,-0.22533795,0.22533795,0.6904132,0.46028435,-0.038729385,0.40507787,0.6109721
616035.8689,2689890.448,vegetation,0.16896205,0.45798212,-4.85084,-0.16295832,-0.16896205,0.16896205,0.5576262,0.37175894,-0.024113994,0.32241175,0.48537007
612736.0303,2689941.979,vegetation,0.16204315,0.46040165,-6.1823444,-0.17505403,-0.16204315,0.16204315,0.5542174,0.36948624,-0.02362972,0.32624173,0.50129575
610305.4594,2688905.251,vegetation,0.17226455,0.5011815,-2.1492205,-0.11640397,-0.17226455,0.17226455,0.49841362,0.33228394,-0.045107566,0.3179562,0.43436018
609715.832,2690935.704,vegetation,0.16780691,0.47143233,-3.6483417,-0.15121225,-0.16780691,0.16780691,0.5388177,0.35921982,-0.030781373,0.3312886,0.48250085
600202.1276,2697517.805,vegetation,0.16506653,0.44781917,-8.49113,-0.18612695,-0.16506653,0.16506653,0.57207036,0.38138798,-0.0214361,0.34491765,0.5310446
600118.7471,2699160.87,vegetation,0.08397287,0.5959496,-1.5654503,-0.14245966,-0.08397287,0.08397287,0.3797488,0.2531724,-0.046469897,0.21701232,0.35947198
599033.7411,2700562.035,vegetation,0.18017538,0.4620106,-3.5343802,-0.15445322,-0.18017538,0.18017538,0.55195653,0.36797914,-0.042262085,0.33684576,0.49129894
604638.7669,2698567.618,vegetation,0.025343627,0.5626561,-2.8164618,-0.22878982,-0.025343627,0.025343627,0.41979834,0.27987215,-0.031365532,0.17620632,0.40499613
606301.5071,2696701.586,vegetation,0.1438353,0.5503308,-1.6715466,-0.108997546,-0.1438353,0.1438353,0.43505982,0.29004726,-0.048953664,0.2855407,0.39453825
605238.5065,2695049.917,vegetation,0.17973928,0.5106779,-2.0228868,-0.10331798,-0.17973928,0.17973928,0.4858515,0.32390898,-0.048370928,0.31208202,0.4154
563097.0155,2707867.97,vegetation,0.21279271,0.4464818,-3.2761927,-0.1314021,-0.21279271,0.21279271,0.5739849,0.3826652,-0.046432335,0.3662639,0.497666
564585.195,2711318.357,vegetation,0.15559581,0.58622193,-1.0493882,-0.057340894,-0.15559581,0.15559581,0.3912757,0.26085764,-0.059415277,0.26992202,0.3272629
561729.2936,2709427.141,vegetation,0.18308403,0.47649473,-2.54296,-0.13041563,-0.18308403,0.18308403,0.5318272,0.35455954,-0.04665339,0.33768162,0.46809724
561637.6717,2713966.021,vegetation,0.120305896,0.53323275,-2.3782675,-0.15781109,-0.120305896,0.120305896,0.4566394,0.3044334,-0.045279846,0.2691624,0.42697346
561770.1219,2716392.785,vegetation,0.11013707,0.49106604,-3.3707118,-0.2038191,-0.11013707,0.11013707,0.51197183,0.3413222,-0.04190603,0.2639993,0.4678184
562412.2286,2716865.226,vegetation,0.20317605,0.43864855,-3.7662063,-0.14674686,-0.20317605,0.20317605,0.58527756,0.39019358,-0.040103335,0.36004466,0.50679153
565764.5045,2719385.092,vegetation,0.1312389,0.5330192,-2.1138184,-0.14417912,-0.1312389,0.1312389,0.456912,0.3046151,-0.048823737,0.284928,0.4291071
565039.0061,2721494.839,vegetation,0.16074225,0.5680759,-1.1906587,-0.07046005,-0.16074225,0.16074225,0.41316193,0.27544847,-0.0605078,0.28577438,0.3562344
563670.9171,2723366.874,vegetation,0.1652663,0.45915103,-3.3750684,-0.17101419,-0.1652663,0.1652663,0.55597806,0.37066,-0.04425406,0.3314133,0.5024275
561247.0687,2721399.385,vegetation,0.2021317,0.48490605,-2.0379753,-0.10000583,-0.2021317,0.2021317,0.5203175,0.34688655,-0.054405097,0.35136935,0.4513752
562028.5712,2722655.076,vegetation,0.16654408,0.61142135,-0.87140954,-0.025137318,-0.16654408,0.16654408,0.36170036,0.2411403,-0.06321411,0.27704605,0.3021834
562028.5712,2722655.076,vegetation,0.16654408,0.61142135,-0.87140954,-0.025137318,-0.16654408,0.16654408,0.36170036,0.2411403,-0.06321411,0.27704605,0.3021834
562962.213,2721876.62,vegetation,0.16692741,0.48069447,-2.947869,-0.14967345,-0.16692741,0.16692741,0.5260644,0.35071754,-0.043995388,0.31453496,0.46420842
562882.885,2723598.086,vegetation,0.14105952,0.7415086,-0.39589244,0.04330764,-0.14105952,0.14105952,0.22263733,0.14842959,-0.069848806,0.21857153,0.17526388
562006.5854,2727585.662,vegetation,0.111180365,0.5281868,-2.0790336,-0.15952635,-0.111180365,0.111180365,0.4631002,0.30874053,-0.04271822,0.2738478,0.43337417
563217.1001,2728765.097,vegetation,0.06313796,0.6364584,-0.9083804,-0.12010603,-0.06313796,0.06313796,0.3332183,0.22215143,-0.056992367,0.19798064,0.31808665
563500.6549,2729314.248,vegetation,0.16334566,0.49668375,-2.1416934,-0.13072458,-0.16334566,0.16334566,0.5044199,0.33628765,-0.048314013,0.3198863,0.45061088
562990.1219,2731503.356,vegetation,0.08421144,0.5920497,-1.3771312,-0.13784407,-0.08421144,0.08421144,0.38435367,0.2562422,-0.048836797,0.22057465,0.35841873
562987.2784,2732129.468,vegetation,0.15509039,0.5385652,-1.6240578,-0.10478991,-0.15509039,0.15509039,0.44985765,0.2999124,-0.052889794,0.28874734,0.39353725
562481.5039,2733301.164,vegetation,0.09647663,0.63252383,-1.0330619,-0.08981418,-0.09647663,0.09647663,0.33763647,0.22509696,-0.048218783,0.22412145,0.31393564
561967.7575,2736272.956,vegetation,0.12845834,0.5415661,-1.5274217,-0.12419018,-0.12845834,0.12845834,0.446062,0.29738194,-0.051210374,0.27978376,0.40397394
561749.4881,2737132.906,vegetation,0.16505368,0.47335973,-2.5758634,-0.14995314,-0.16505368,0.16505368,0.5361508,0.35744175,-0.045430627,0.33094364,0.48089677
561530.8963,2738071.123,vegetation,0.03316242,0.56576693,-2.4472795,-0.2216836,-0.03316242,0.03316242,0.41598448,0.27732933,-0.03940632,0.20257622,0.4242598
561239.4837,2739322.086,vegetation,0.10654847,0.48141345,-3.3054817,-0.20260328,-0.10654847,0.10654847,0.52508175,0.35006198,-0.032003205,0.28184107,0.48444435
561017.1553,2741121.224,vegetation,0.14140692,0.48810858,-2.71261,-0.1603069,-0.14140692,0.14140692,0.5159705,0.34398797,-0.03745122,0.3042619,0.4645688
560726.5339,2742215.671,vegetation,0.17534415,0.53247243,-1.501495,-0.0837924,-0.17534415,0.17534415,0.45760968,0.3050806,-0.05570165,0.3186476,0.40243998
560942.5967,2741825.291,vegetation,0.1550731,0.6585155,-0.64797294,0.002419408,-0.1550731,0.1550731,0.30883756,0.20589766,-0.0641597,0.25404364,0.25162426
561805.5675,2740576.865,vegetation,0.128145,0.6613117,-0.6879607,-0.026226629,-0.128145,0.128145,0.30579334,0.20386803,-0.059735853,0.2323997,0.2586263
563169.2734,2739252.502,vegetation,0.046838127,0.57603544,-1.7787752,-0.19574489,-0.046838127,0.046838127,0.40350068,0.26900697,-0.04759641,0.19115238,0.38689727
564320.6555,2737535.949,vegetation,0.18244407,0.50494903,-1.8715607,-0.10247186,-0.18244407,0.18244407,0.49341103,0.32894865,-0.05267026,0.3224254,0.42489725
564252.8192,2736752.971,vegetation,0.0513131,0.59523433,-1.5262054,-0.1746278,-0.0513131,0.0513131,0.380592,0.25373432,-0.047942754,0.19910473,0.3737325
563758.9887,2735341.897,vegetation,0.23452173,0.4680579,-2.3459208,-0.08281902,-0.23452173,0.23452173,0.5435037,0.3623441,-0.052465387,0.37336478,0.4561838
567058.4931,2733009.486,vegetation,0.17850387,0.50627464,-1.9611082,-0.10489187,-0.17850387,0.17850387,0.49165678,0.3277791,-0.04849714,0.31145346,0.41634533
571360.8951,2716595.052,vegetation,0.17188632,0.45122176,-4.352797,-0.17152967,-0.17188632,0.17188632,0.56721157,0.37814912,-0.035347503,0.3376086,0.5091383
570778.7377,2718470.459,vegetation,0.17684995,0.49434203,-2.155774,-0.12268677,-0.17684995,0.17684995,0.50756043,0.33838168,-0.052378308,0.31594473,0.4386315
569641.8402,2716821.165,vegetation,0.071720175,0.67343867,-0.75138503,-0.08757012,-0.071720175,0.071720175,0.2927076,0.19514388,-0.058493786,0.18634233,0.27391246
561169.7072,2706372.425,vegetation,0.08710866,0.6048619,-1.1502047,-0.121810466,-0.08710866,0.08710866,0.36930993,0.24621312,-0.053536586,0.21385975,0.33567023
562609.9897,2704656.996,vegetation,0.20986293,0.44888657,-2.982592,-0.13020451,-0.20986293,0.20986293,0.57054263,0.3803703,-0.048681293,0.3652769,0.49548143
560611.8851,2702848.18,vegetation,0.2023043,0.49281284,-2.2541652,-0.09437471,-0.2023043,0.2023043,0.509617,0.33975267,-0.046500243,0.34343052,0.43780524
560197.7585,2699168.07,vegetation,0.21283907,0.4584361,-3.0663548,-0.117539026,-0.21283907,0.21283907,0.55698514,0.37133193,-0.043364648,0.36347938,0.4810184
561789.1974,2695809.7,vegetation,0.094736844,0.5628554,-2.1579492,-0.1600273,-0.094736844,0.094736844,0.4195533,0.2797089,-0.04190613,0.23626272,0.39629
561994.5944,2698001.943,vegetation,0.19366898,0.45882195,-2.9948378,-0.1374397,-0.19366898,0.19366898,0.5564411,0.3709692,-0.04508757,0.34035903,0.47779873
561086.2718,2692597.899,vegetation,-0.01141994,0.5859055,5.755182,-0.28905317,0.01141994,-0.01141994,0.39165622,0.26110917,-0.012092028,0.15785004,0.44690323
562522.0065,2692212.884,vegetation,0.17263305,0.49612677,-2.582473,-0.12446689,-0.17263305,0.17263305,0.5051658,0.33678514,-0.040113203,0.31426722,0.43873408
563307.5664,2692920.747,vegetation,0.20564865,0.47997707,-2.4180546,-0.1021631,-0.20564865,0.20564865,0.52704567,0.35137227,-0.04645539,0.3403428,0.4425059
580375.1345,2692459.878,vegetation,0.056045722,0.5541199,-6.083626,-0.21930513,-0.056045722,0.056045722,0.43034366,0.286902,-0.02450274,0.21933515,0.43864027
580241.0781,2690815.556,vegetation,0.057992566,0.5347857,-2.8675387,-0.21856216,-0.057992566,0.057992566,0.4546599,0.30311355,-0.037322275,0.22062103,0.43918318
579581.9834,2693238.025,vegetation,0.07232512,0.5786183,-2.1445203,-0.17158052,-0.07232512,0.07232512,0.40038642,0.26693073,-0.039281435,0.22469182,0.39627233
609139.7869,2700480.35,vegetation,0.10546731,0.53335303,-2.2189827,-0.16488542,-0.10546731,0.10546731,0.4564856,0.30433106,-0.041323323,0.2564507,0.42133614
613658.6287,2700046.533,vegetation,0.13605161,0.4811464,-4.251623,-0.1834952,-0.13605161,0.13605161,0.5254464,0.3503054,-0.031628985,0.28521112,0.4687063
615919.1253,2704056.959,vegetation,0.16728215,0.5021091,-2.3089375,-0.123789884,-0.16728215,0.16728215,0.49717978,0.33146122,-0.043581568,0.31077215,0.43456206
616192.7586,2705624.705,vegetation,0.1490471,0.533954,-1.659424,-0.11188113,-0.1490471,0.1490471,0.4557185,0.30382007,-0.050244942,0.2839134,0.39579454
618830.3892,2740714.736,vegetation,0.15911274,0.52874255,-2.093934,-0.11073942,-0.15911274,0.15911274,0.4623857,0.30826476,-0.04170551,0.29866445,0.40940386
620946.842,2743864.259,vegetation,0.09538988,0.53342795,-4.3444357,-0.19160266,-0.09538988,0.09538988,0.45639044,0.30426735,-0.030816453,0.24508461,0.43668726
619666.2359,2743226.866,vegetation,0.0391235,0.5939098,-2.0457428,-0.1905582,-0.0391235,0.0391235,0.38215476,0.25477612,-0.035257183,0.17322871,0.3637869
618244.6213,2742353.555,vegetation,0.12089949,0.5331847,-2.8563886,-0.15405777,-0.12089949,0.12089949,0.45670068,0.30447426,-0.033194266,0.25310868,0.40716645
619841.0414,2739549.285,vegetation,0.057086375,0.56835353,-2.5090957,-0.19715208,-0.057086375,0.057086375,0.41282395,0.27522266,-0.037932727,0.19387616,0.39102823
602747.5787,2741133.725,vegetation,0.001497402,0.68311346,-1.3008159,-0.17538494,-0.001497402,0.001497402,0.28240365,0.18827403,-0.042153437,0.114815176,0.2902001
603402.4028,2739573.125,vegetation,0.13928162,0.50312847,-2.6517513,-0.15964144,-0.13928162,0.13928162,0.49582592,0.33055824,-0.044354104,0.29556406,0.4552055
602180.5529,2740503.328,vegetation,0.10074648,0.7256861,-0.54146606,-0.019751953,-0.10074648,0.10074648,0.23843178,0.15895936,-0.058430508,0.18828087,0.20803282
603674.1713,2741453.744,vegetation,0.049192585,0.56348866,-4.7239356,-0.2258904,-0.049192585,0.049192585,0.41877633,0.2791906,-0.035952225,0.20391181,0.4298022
604164.3244,2742788.1,vegetation,0.071015105,0.64961773,-1.1309997,-0.116263285,-0.071015105,0.071015105,0.31859466,0.2124021,-0.048233863,0.19358054,0.3098438
602523.3314,2742462.721,vegetation,0.09023233,0.5776244,-2.2112665,-0.14714529,-0.09023233,0.09023233,0.4015838,0.2677289,-0.03026038,0.2374762,0.3846215
605672.535,2741781.985,vegetation,0.021437094,0.5900527,-2.4160597,-0.21591507,-0.021437094,0.021437094,0.3867207,0.2578199,-0.034507126,0.17050366,0.38641873
603335.6169,2738946.432,vegetation,0.06814616,0.5589626,-2.8256679,-0.18805796,-0.06814616,0.06814616,0.42434686,0.28290442,-0.029560959,0.22058502,0.40864298
573977.9421,2735940.587,vegetation,0.18900041,0.3977072,-10.240497,-0.21116063,-0.18900041,0.18900041,0.64635915,0.43091488,-0.029347623,0.35290712,0.5640678
574342.4804,2734611.987,vegetation,0.22168428,0.38702837,-10.032888,-0.18660983,-0.22168428,0.22168428,0.66288406,0.44193158,-0.029581396,0.38813776,0.5747476
575700.293,2734697.608,vegetation,0.17786531,0.46376625,-3.0965953,-0.15128796,-0.17786531,0.17786531,0.5494954,0.3663384,-0.044149578,0.33674753,0.4880355
572680.628,2737968.675,vegetation,0.18268876,0.4618432,-2.9753304,-0.14537495,-0.18268876,0.18268876,0.55219054,0.36813578,-0.044004895,0.32382575,0.4692007
569887.8169,2739050.027,vegetation,0.0635601,0.611335,-1.164278,-0.13834387,-0.0635601,0.0635601,0.3618006,0.24120684,-0.048009798,0.17718899,0.31553286
582351.7154,2722134.312,wetland,0.113450184,0.7400975,-0.93632495,-0.007741866,-0.113450184,0.113450184,0.22403578,0.14936087,-0.021201601,0.18082635,0.1885682
582362.3572,2720334.213,wetland,0.11505093,0.97848445,-0.023516536,0.1503694,-0.11505093,0.11505093,0.016311595,0.010874769,-0.06383731,0.15135935,0.000989947
581009.5243,2719152.272,wetland,0.250146,0.397384,-8.594907,-0.15053764,-0.250146,0.250146,0.6468567,0.43124583,-0.034623217,0.4014694,0.552007
581870.6234,2718765.963,wetland,0.214488,0.6024382,-1.0762858,0.021113243,-0.214488,0.214488,0.37213755,0.24809803,-0.04510451,0.29952154,0.2784083
584011.0898,2719874.446,wetland,0.13758367,0.83352375,-0.2462896,0.08539527,-0.13758367,0.13758367,0.13618943,0.090795785,-0.06534512,0.19261429,0.107219025
586230.5298,2719731.463,wetland,0.1525949,0.7888751,-0.40849805,0.066920355,-0.1525949,0.1525949,0.17702644,0.11802104,-0.054039903,0.19688158,0.12996122
586722.7144,2721143.352,wetland,-0.000856546,0.62718606,-4.499255,-0.23028976,0.000856546,-0.000856546,0.34366637,0.22911574,-0.027924046,0.14738747,0.37767723
580175.0008,2714921.026,wetland,0.06847653,1.0092264,0.009052169,0.12581839,-0.06847653,0.06847653,-0.006887782,-0.004592017,-0.065619275,0.11339392,-0.012424474
581526.9549,2716337.661,wetland,0.06917267,1.1107723,0.09079664,0.17218745,-0.06917267,0.06917267,-0.0787162,-0.052479465,-0.07359151,0.08443593,-0.08775152
579809.0071,2716327.734,wetland,0.070973225,1.1114286,0.09314298,0.17509434,-0.070973225,0.070973225,-0.07915805,-0.05277402,-0.06983691,0.09090909,-0.08418525
580730.9586,2717820.111,wetland,0.09034068,1.0358771,0.033817496,0.15816024,-0.09034068,0.09034068,-0.026432673,-0.017622419,-0.06816283,0.12005929,-0.03810095
584525.7902,2717607.784,wetland,0.10491677,0.984583,-0.015952202,0.14338644,-0.10491677,0.10491677,0.011652131,0.007768361,-0.06964124,0.12815243,-0.015234016
582880.0281,2717519.643,wetland,0.07551295,1.0880375,0.076480016,0.16762568,-0.07551295,0.07551295,-0.06324185,-0.04216281,-0.07006753,0.09625439,-0.07137129
584659.4388,2719173.955,wetland,0.07795699,1.0877494,0.078090325,0.16690703,-0.07795699,0.07795699,-0.06304356,-0.04203061,-0.069877185,0.09647099,-0.07043603
585947.6492,2719181.837,wetland,0.02742711,0.64141005,-3.084812,-0.18797614,-0.02742711,0.02742711,0.32768953,0.21846455,-0.028656127,0.1618303,0.34980646
582964.1622,2715406.919,wetland,0.06660981,1.0946746,0.07780874,0.16387807,-0.06660981,0.06660981,-0.067794025,-0.04519774,-0.07465225,0.08568452,-0.078193545
581682.9335,2714147.092,wetland,0.113501884,0.9722567,-0.028369796,0.14932527,-0.113501884,0.113501884,0.02109941,0.014066765,-0.06982573,0.14608875,-0.003236526
579902.5185,2712493.197,wetland,0.0805216,1.0585307,0.05310558,0.16262154,-0.0805216,0.0805216,-0.042648297,-0.028433241,-0.06567253,0.10308678,-0.05953476
578111.1911,2712717.873,wetland,0.10002317,1.0046341,0.004728742,0.15276667,-0.10002317,0.10002317,-0.003467479,-0.002311734,-0.06333452,0.13581625,-0.016950415
579388.8642,2714681.735,wetland,0.080276705,1.0519732,0.047264356,0.15920289,-0.080276705,0.080276705,-0.03799122,-0.025328398,-0.06666667,0.111386955,-0.047815926
581686.5935,2713520.977,wetland,0.06987498,1.1237394,0.10184722,0.18053564,-0.06987498,0.06987498,-0.08739401,-0.058264866,-0.06873772,0.08605702,-0.09447862
580744.9928,2715393.911,wetland,0.06862492,1.1155763,0.09400905,0.174168,-0.06862492,0.06862492,-0.08194355,-0.054631107,-0.0734375,0.084837385,-0.08933061
584412.0003,2724572.971,wetland,-0.025160648,0.78042895,-0.721961,-0.14114447,0.025160648,-0.025160648,0.1849824,0.12332482,-0.04094949,0.06590797,0.20705244
583536.1273,2727463.621,wetland,0.08903695,0.6054876,-1.8513364,-0.13128072,-0.08903695,0.08903695,0.36858273,0.24572748,-0.03487465,0.22507381,0.35635453
584753.4752,2727236.186,wetland,0.009385157,0.7429245,-0.7509274,-0.1251625,-0.009385157,0.009385157,0.22123916,0.14749661,-0.049061723,0.093000196,0.2181627
583611.4188,2726837.925,wetland,-0.010886882,0.7205369,-0.85030496,-0.15679125,0.010886882,-0.010886882,0.24363542,0.16242784,-0.047537327,0.095910564,0.25270182
581752.1639,2726748.596,wetland,-0.026690392,0.7643606,-0.558393,-0.14007904,0.026690392,-0.026690392,0.2003272,0.13355511,-0.05345696,0.054110248,0.19418928
580893.8308,2726743.574,wetland,0.097818434,1.211396,0.26316723,0.22355317,-0.097818434,0.097818434,-0.14338626,-0.09559392,-0.028220203,0.12382934,-0.099723816
580321.1572,2726818.52,wetland,0.008516679,0.747273,-0.94712204,-0.13496496,-0.008516679,0.008516679,0.21695572,0.14464079,-0.04512079,0.10229807,0.23726304
579031.4427,2727202.466,wetland,-0.006093879,0.8654441,-0.235672,-0.05887791,0.006093879,-0.006093879,0.108192936,0.07213076,-0.06072314,0.040280413,0.099158324
581405.0633,2724946.391,wetland,0.044771243,0.69244605,-1.7721006,-0.1317942,-0.044771243,0.044771243,0.27257606,0.18172157,-0.030273544,0.1445961,0.2763903
582618.8694,2725344.889,wetland,0.010135286,0.73170084,-0.89528024,-0.13118017,-0.010135286,0.010135286,0.2323949,0.15493388,-0.04197142,0.108856544,0.2400367
583976.6209,2725587.828,wetland,0.024431415,0.73367447,-0.93196166,-0.11465259,-0.024431415,0.024431415,0.23042293,0.15361913,-0.03762551,0.1057199,0.2203725
585622.3894,2725519.595,wetland,-0.027394742,0.80708885,-0.64121896,-0.13686995,0.027394742,-0.027394742,0.16012448,0.10675245,-0.045986056,0.075203255,0.21207319
585772.2153,2724424.753,wetland,0.06593599,0.67533106,-1.1885691,-0.11009222,-0.06593599,0.06593599,0.2906837,0.19379388,-0.042386185,0.18477732,0.29486954
586211.1536,2722862.089,wetland,-0.035846725,0.8895105,-0.16859928,-0.06850585,0.035846725,-0.035846725,0.0877101,0.058475204,-0.06340326,0.006983158,0.075489014
585500.9558,2721996.754,wetland,0.058687616,0.7111305,-0.8288663,-0.083164945,-0.058687616,0.058687616,0.2532204,0.16881792,-0.0418982,0.13348506,0.21665001
584858.4115,2721758.019,wetland,0.10692359,0.85063154,-0.26637417,0.06658196,-0.10692359,0.10692359,0.121064655,0.08071217,-0.04101451,0.19136408,0.12478212
583497.4809,2721984.598,wetland,-0.024730334,0.7600935,-0.8545804,-0.15790516,0.024730334,-0.024730334,0.20444967,0.13630326,-0.044309493,0.06978981,0.22769497
587662.3145,2719662.124,wetland,-0.053529132,0.9346847,-0.08944789,-0.06012036,0.053529132,-0.053529132,0.050638642,0.033760186,-0.06518905,-0.033323254,0.026797106
589026.0514,2719044.615,wetland,-0.0187047,0.9188706,-0.12588266,-0.038617402,0.0187047,-0.0187047,0.063417666,0.042279754,-0.059851974,0.017948097,0.056565497
587616.7944,2715513.603,wetland,0.055626214,1.028662,0.043856245,0.09922104,-0.055626214,0.055626214,-0.021192135,-0.014128532,-0.036381956,0.14300211,0.043781057
589553.1432,2714978.006,wetland,-0.012495235,0.7584284,-1.2932856,-0.15584353,0.012495235,-0.012495235,0.20606385,0.13737926,-0.034509458,0.09122396,0.2470675
588487.729,2713640.652,wetland,0.09271055,0.69404143,-0.9393393,-0.058104984,-0.09271055,0.09271055,0.2709061,0.18060866,-0.03777403,0.20449345,0.26259843
587861.5571,2710740.781,wetland,0.0951696,0.6736717,-0.9788521,-0.05955227,-0.0951696,0.0951696,0.2924588,0.19497746,-0.033018604,0.23036021,0.2899125
586855.6044,2711282.375,wetland,0.006130609,0.76253974,-0.9817452,-0.12944265,-0.006130609,0.006130609,0.20208421,0.13472618,-0.039492007,0.08785244,0.2172951
586855.6044,2711282.375,wetland,0.006130609,0.76253974,-0.9817452,-0.12944265,-0.006130609,0.006130609,0.20208421,0.13472618,-0.039492007,0.08785244,0.2172951
585852.1333,2711432.716,wetland,0.038523167,0.6019929,-39.183544,-0.21779206,-0.038523167,0.038523167,0.37265995,0.24844496,-0.019503921,0.19195402,0.40974608
584920.2923,2711583.562,wetland,0.13417388,0.6851668,-1.2420633,-0.034397483,-0.13417388,0.13417388,0.28023237,0.18682617,-0.036076978,0.217084,0.2514815
585846.8486,2712293.628,wetland,0.25240535,0.5892065,-1.49752,0.034197018,-0.25240535,0.25240535,0.38772517,0.25848967,-0.042646974,0.33975115,0.30555412
585186.6811,2714872.425,wetland,0.14706293,0.88711834,-0.1509434,0.1305028,-0.14706293,0.14706293,0.089722514,0.059816938,-0.06096408,0.18637708,0.055874273
584677.0129,2716278.146,wetland,0.076302804,0.8231019,-0.26732004,0.020108523,-0.076302804,0.076302804,0.14554264,0.09703141,-0.06242666,0.1579697,0.13786118
583166.3297,2717521.346,wetland,0.07046579,1.1072681,0.090869814,0.16906886,-0.07046579,0.07046579,-0.07635291,-0.050903864,-0.07248306,0.08800832,-0.081060536
583368.8912,2719557.519,wetland,0.102122605,0.9622896,-0.04130037,0.13120288,-0.102122605,0.102122605,0.028825367,0.019217571,-0.064719155,0.13732098,0.006118105
582942.2949,2719085.367,wetland,0.09864019,0.93477404,-0.072734706,0.115379184,-0.09864019,0.09864019,0.05056693,0.033712428,-0.06576768,0.14691302,0.03153384
581665.5379,2717121.144,wetland,0.07784939,1.1049567,0.09138489,0.17552505,-0.07784939,0.07784939,-0.07478976,-0.049861703,-0.06882883,0.09559521,-0.07992985
582600.2116,2716422.238,wetland,0.071525194,1.0875809,0.07390147,0.16397686,-0.071525194,0.071525194,-0.06292755,-0.041953284,-0.0737263,0.09164514,-0.07233173
584589.7708,2718860.46,wetland,0.08126973,1.0759299,0.0680891,0.16476543,-0.08126973,0.08126973,-0.054862473,-0.036576338,-0.070924975,0.10168487,-0.06308056
590168.1115,2719521.569,wetland,0.12131102,0.9533069,-0.06445326,0.13512406,-0.12131102,0.12131102,0.035855815,0.023904635,-0.05032022,0.15524395,0.020119904
593027.6341,2720009.976,wetland,0.14863484,1.0622855,0.103353724,0.20849736,-0.14863484,0.14863484,-0.04530186,-0.030202169,-0.022614997,0.16075249,-0.047744863
594525.1752,2720802.755,wetland,0.114019156,0.612021,-1.9315917,-0.10845987,-0.114019156,0.114019156,0.3610096,0.2406786,-0.03779264,0.23161882,0.34007868
598017.3225,2722861.935,wetland,0.13426574,0.89407015,-0.19141954,0.10407895,-0.13426574,0.13426574,0.08388815,0.055927087,-0.046856362,0.1820591,0.077980146
597012.3454,2723324.522,wetland,0.002831701,0.6812955,9.341843,-0.21217652,-0.002831701,0.002831701,0.28433257,0.18955888,-0.01580229,0.12797882,0.34015533
595944.523,2722534.412,wetland,0.09570573,0.8252015,-0.33850956,0.028467974,-0.09570573,0.09570573,0.14364994,0.09576941,-0.049997117,0.17365865,0.14519069
596382.4992,2721285.103,wetland,0.09743266,0.7621285,-0.58694106,-0.011258474,-0.09743266,0.09743266,0.20248103,0.13499102,-0.043998633,0.20494455,0.21620302
592161.3187,2710298.828,wetland,0.00958726,0.69193625,-1.6365968,-0.16756861,-0.00958726,0.00958726,0.27310994,0.18207763,-0.034655116,0.15060882,0.31817743
592147.3976,2712411.998,wetland,0.124201246,1.0615445,0.09502098,0.18205515,-0.124201246,0.124201246,-0.044778958,-0.029853584,-0.031257026,0.16342354,-0.018631618
590708.2292,2713498.35,wetland,0.13681501,0.89787555,-0.21435039,0.10550721,-0.13681501,0.13681501,0.08071252,0.053809874,-0.036963258,0.19044869,0.08494147
591844.5246,2714914.616,wetland,0.16990934,0.68264073,-1.0341251,0.017631365,-0.16990934,0.16990934,0.2829047,0.18860784,-0.030821918,0.2643398,0.24670845
593200.5603,2715549.754,wetland,-0.05246038,0.77335143,-1.9074174,-0.18056852,0.05246038,-0.05246038,0.19170775,0.12780803,-0.013232514,0.010283502,0.19085202
592976.4159,2716957.113,wetland,0.1763162,0.7386881,-0.79461575,0.057027824,-0.1763162,0.1763162,0.22543308,0.15029258,-0.030266277,0.26510105,0.20807323
590951.5124,2709116.885,wetland,-0.038854368,0.7153898,-4.7459726,-0.2174095,0.038854368,-0.038854368,0.24886829,0.16591579,-0.021710698,0.10118244,0.31859195
591459.4947,2708102.703,wetland,-0.005103472,0.91465616,-0.16292183,-0.031125942,0.005103472,-0.005103472,0.06685901,0.044573985,-0.0454597,0.0677099,0.09883584
591748.0449,2707791.516,wetland,-0.07690899,0.8189843,-0.5094919,-0.17279889,0.07690899,-0.07690899,0.14926797,0.09951469,-0.048623852,0.009209209,0.18200809
591752.6574,2707087.13,wetland,0.0922688,0.8060752,-0.57195675,-0.006716897,-0.0922688,0.0922688,0.16105609,0.107373595,-0.041645534,0.14712389,0.1538408
591686.6588,2706225.746,wetland,-0.03594143,0.8443285,-0.41849977,-0.11980388,0.03594143,-0.03594143,0.12660474,0.084405504,-0.049602944,0.035260484,0.15506436
590762.5022,2705123.979,wetland,0.06714567,0.6425938,-1.5138861,-0.1305655,-0.06714567,0.06714567,0.3263718,0.21758649,-0.038518857,0.19639432,0.32695982
592907.5598,2705764.173,wetland,0.076994196,0.80942386,-0.5795336,-0.008870425,-0.076994196,0.076994196,0.15798213,0.105324194,-0.028024005,0.19001135,0.19888178
590706.5442,2702697.311,wetland,-0.030539194,0.78341746,-0.7679814,-0.15188655,0.030539194,-0.030539194,0.18215886,0.12144242,-0.04363221,0.07307287,0.22495943
588846.06,2702294.077,wetland,0.000441155,0.8084272,-0.56854534,-0.10209155,-0.000441155,0.000441155,0.15889572,0.10593335,-0.04594005,0.07960857,0.18170013
587483.6566,2702442.057,wetland,0.093354024,0.6159729,-1.4730253,-0.11466723,-0.093354024,0.093354024,0.3564581,0.23764454,-0.03965973,0.22473809,0.33940533
587120.0476,2703300.734,wetland,0.10005984,0.94826543,-0.08554183,0.10268479,-0.10005984,0.10005984,0.03983001,0.026554164,-0.042041004,0.14823039,0.045545608
587395.4294,2705102.593,wetland,0.121839084,1.1050205,0.17825311,0.19254905,-0.121839084,0.121839084,-0.07483345,-0.049890485,-0.024319066,0.16035073,-0.032198325
585401.4314,2703133.638,wetland,-0.00014109,0.78457195,-0.65717727,-0.11148278,0.00014109,-0.00014109,0.18107061,0.12071692,-0.042307477,0.0694165,0.18089928
584182.4543,2703282.807,wetland,0.066443145,0.6522506,-2.022928,-0.13880992,-0.066443145,0.066443145,0.31569788,0.21047014,-0.036710557,0.17423014,0.31304005
583101.7032,2704293.83,wetland,0.051726114,0.6010905,-2.7157989,-0.17996289,-0.051726114,0.051726114,0.37371445,0.24914862,-0.028352404,0.19432144,0.37428433
583952.9885,2705707.698,wetland,0.0327159,0.6769159,-2.0570498,-0.15778865,-0.0327159,0.0327159,0.28899178,0.19266565,-0.032578137,0.15248322,0.3102719
585526.884,2717770.421,wetland,0.08900948,1.0358471,0.034151457,0.15371303,-0.08900948,0.08900948,-0.02641096,-0.01760795,-0.069933884,0.112250805,-0.04146223
585797.7703,2720276.672,wetland,-0.025385015,0.7951097,-0.560995,-0.13024971,0.025385015,-0.025385015,0.17120245,0.114138044,-0.047959995,0.057867292,0.188117
586008.1076,2720982.385,wetland,-0.029246403,0.8412327,-0.32017487,-0.102248244,0.029246403,-0.029246403,0.12933946,0.08622879,-0.058891654,0.029090114,0.13133836
583789.8111,2720968.868,wetland,-0.010287828,0.66651094,-1.9100071,-0.20546181,0.010287828,-0.010287828,0.30016118,0.20011213,-0.037160844,0.123032525,0.32849434
582354.9549,2721586.455,wetland,0.10049646,0.5686261,-2.7320347,-0.15052678,-0.10049646,0.10049646,0.41249263,0.27500108,-0.03004669,0.24914618,0.39967296
580652.5961,2718993.668,wetland,0.21096955,0.6420292,-0.7571472,0.047010496,-0.21096955,0.21096955,0.32699877,0.2180051,-0.058347505,0.302974,0.25596347
581503.6273,2720329.165,wetland,0.24335665,0.43976378,-5.4165306,-0.10837943,-0.24335665,0.24335665,0.58366376,0.38911676,-0.029816642,0.37856174,0.48694116
582838.6019,2724485.245,wetland,-0.012109163,0.7660995,-0.75343275,-0.13815355,0.012109163,-0.012109163,0.19865337,0.13243902,-0.04546989,0.075666636,0.21382019
583186.9368,2726052.692,wetland,-0.008951407,0.7260215,-1.0379326,-0.15757042,0.008951407,-0.008951407,0.23809524,0.15873411,-0.039692275,0.10456554,0.26213595
581670.9746,2728391.754,wetland,0.114743195,0.81838965,-0.41424814,0.04955089,-0.114743195,0.114743195,0.1498073,0.099874265,-0.03161361,0.206235,0.15668412
582385.7041,2728474.243,wetland,0.07236463,0.62980217,-2.5889723,-0.14915496,-0.07236463,0.07236463,0.3407067,0.2271428,-0.033475745,0.21348119,0.36263615
583955.8123,2729031.528,wetland,0.06887829,0.748794,-0.7157676,-0.05932485,-0.06887829,0.06887829,0.21546228,0.14364526,-0.046716392,0.1819062,0.24123104
583747.398,2728012.774,wetland,-0.04425711,0.780871,-0.7582501,-0.17122175,0.04425711,-0.04425711,0.18456419,0.123045966,-0.04990403,0.0466391,0.21786085
584820.2228,2728019.283,wetland,0.10375367,0.7613361,-0.5881271,-0.000517331,-0.10375367,0.10375367,0.20324709,0.13550164,-0.039390087,0.20779806,0.20831539
585972.3188,2726774.059,wetland,0.026829774,0.71189725,-1.5364404,-0.14021961,-0.026829774,0.026829774,0.25243565,0.16829441,-0.034271993,0.13001415,0.27023375
582871.8522,2730903.468,wetland,0.004928148,0.7698014,-1.043566,-0.12259391,-0.004928148,0.004928148,0.19510093,0.13007031,-0.03055957,0.08050583,0.20309974
582876.5262,2730120.807,wetland,0.131281,0.84099853,-0.23602858,0.088555224,-0.131281,0.131281,0.1295465,0.08636697,-0.058307353,0.19185151,0.10329628
582882.1333,2729181.615,wetland,0.09943334,0.816007,-0.44983357,0.025341356,-0.09943334,0.09943334,0.15197194,0.10131734,-0.034065515,0.1562377,0.13089634
582888.2056,2728164.159,wetland,-0.029612755,0.82680136,-0.4154223,-0.118089914,0.029612755,-0.029612755,0.14221068,0.09480976,-0.05470056,0.044897087,0.162987
587990.4654,2724360.336,wetland,0.049103986,0.65821177,-1.2268821,-0.12632357,-0.049103986,0.049103986,0.30917042,0.20611855,-0.034137312,0.16453592,0.2908595
587267.6898,2725529.822,wetland,0.17612849,0.9429009,-0.0918491,0.18302897,-0.17612849,0.17612849,0.044081558,0.029388595,-0.038178165,0.1997175,0.016688542
593371.8165,2722047.301,wetland,0.16433121,0.6744469,-1.1869866,0.00146578,-0.16433121,0.16433121,0.29162934,0.19442427,-0.029978704,0.24800242,0.24653664
595017.5559,2722058.432,wetland,-0.03952387,0.7808518,-1.0709716,-0.16940922,0.03952387,-0.03952387,0.18458259,0.12305807,-0.03606019,0.05487019,0.2242794
593679.0746,2718918.559,wetland,0.11533682,0.55989194,-3.0109017,-0.14348292,-0.11533682,0.11533682,0.42320096,0.28214008,-0.029290088,0.26597428,0.40945718
591865.6127,2711705.723,wetland,-0.010667046,0.6331225,-4.045656,-0.23700932,0.010667046,-0.010667046,0.33696443,0.2246479,-0.03073861,0.13981402,0.37682334
592375.127,2710456.775,wetland,0.047283165,0.6706085,-1.9102552,-0.14313832,-0.047283165,0.047283165,0.29574594,0.19716857,-0.032232966,0.1692688,0.31240714
584847.2619,2711817.921,wetland,0.14084725,0.9547364,-0.050377075,0.16184013,-0.14084725,0.14084725,0.034732573,0.023155851,-0.068166696,0.15876256,-0.003077558
584775.657,2711817.487,wetland,0.16379626,0.8978589,-0.12953202,0.15393741,-0.16379626,0.16379626,0.08072597,0.053819098,-0.064221285,0.19004796,0.036110546
583635.5947,2710871.417,wetland,0.1650745,0.6677713,-1.0938898,0.00283755,-0.1650745,0.1650745,0.2988002,0.19920522,-0.03228751,0.27487406,0.27203652
583556.0368,2712201.484,wetland,0.08070226,0.95774835,-0.04864682,0.10369118,-0.08070226,0.08070226,0.03237152,0.02158175,-0.06331082,0.121037245,0.017346067
579682.809,2713352.875,wetland,0.06856848,1.1251206,0.10238189,0.18157795,-0.06856848,0.06856848,-0.08831208,-0.05887695,-0.067564346,0.08573424,-0.09584371
581324.06,2714301.532,wetland,0.06897425,1.1010898,0.08382669,0.1688899,-0.06897425,0.06897425,-0.07216688,-0.048113067,-0.0724239,0.08976676,-0.07912313
581891.7463,2715165.787,wetland,0.06853769,1.1100256,0.0902807,0.17096946,-0.06853769,0.06853769,-0.07821335,-0.05214421,-0.07384653,0.0873313,-0.08363816
579806.3222,2716797.32,wetland,0.073571794,1.1015316,0.085199416,0.17384732,-0.073571794,0.073571794,-0.07246704,-0.04831317,-0.07039387,0.09208484,-0.08176248
580873.652,2717899.205,wetland,0.088142045,1.0343823,0.03309958,0.1558556,-0.088142045,0.088142045,-0.025349995,-0.0169006,-0.06505223,0.121110655,-0.034744933
583291.2458,2720574.538,wetland,0.20998569,0.76785344,-0.4266586,0.12125199,-0.20998569,0.20998569,0.1969675,0.13131548,-0.054426536,0.25946087,0.13820887
